fecha_documento,fecha_recepcion,rif_proveedor,razon_social,numero_factura,numero_control,base_imponible,aliquota_iva,iva,total,tipo_doc,abono_en_cuenta
2023-09-01,2023-09-02,J-12345678-9,INSUMOS CARACAS C.A.,001-00001,12345,1000.00,16,160.00,1160.00,F,0.00
2023-09-02,2023-09-03,J-98765432-1,PAPELERIA CENTRAL,002-00045,98765,500.00,16,80.00,580.00,F,0.00
2023-09-03,2023-09-04,J-12345678-9,INSUMOS CARACAS C.A.,001-00002,12346,1000.00,16,160.05,1160.05,F,0.00
2023-09-04,2023-09-05,J-55566677-8,TECH SOLUTIONS,003-00010,55566,2000.00,16,320.10,2320.10,F,0.00
2023-09-05,2023-09-06,J-11122233-4,SERVICIOS GLOBALES,004-00099,11122,3000.00,16,480.00,3480.00,F,1500.00
2023-09-06,2023-09-07,J-44455566-7,FERRETERIA EL TORNILLO,005-00120,44455,150.00,8,12.00,162.00,F,0.00
2023-09-07,2023-09-08,J-12345678-9,INSUMOS CARACAS C.A.,001-00003,12347,250.00,16,40.00,290.00,F,0.00
2023-09-08,2023-09-09,J-77788899-0,DISTRIBUIDORA LOS ANDES,006-00005,77788,800.00,16,128.00,928.00,F,0.00
2023-09-10,2023-09-11,J-12345678-9,INSUMOS CARACAS C.A.,001-00004,12348,100.00,16,16.00,116.00,NC,0.00
2023-09-12,2023-09-13,J-98765432-1,PAPELERIA CENTRAL,002-00046,98766,1200.00,16,192.00,1392.00,F,0.00
